1;29.02.2016 00:00;1;;IN;0;Initial data;NMT;Initial data;22.03.2016 00:00
2;29.02.2016 00:00;2;;IN;1;Initial data;NMT;Initial data;22.03.2016 00:00
3;29.02.2016 00:00;3;;IN;1;Initial data;NMT;Initial data;22.03.2016 00:00
4;29.02.2016 00:00;4;;IN;0;Initial data;NMT;Initial data;22.03.2016 00:00
5;29.02.2016 00:00;5;;IN;0;Initial data;NMT;Initial data;22.03.2016 00:00
6;29.02.2016 00:00;6;;IN;34;Initial data;NMT;Initial data;22.03.2016 00:00
7;29.02.2016 00:00;7;;IN;1;Initial data;NMT;Initial data;22.03.2016 00:00
8;29.02.2016 00:00;8;;IN;1;Initial data;NMT;Initial data;22.03.2016 00:00
9;29.02.2016 00:00;9;;IN;1;Initial data;NMT;Initial data;22.03.2016 00:00
10;29.02.2016 00:00;10;;IN;0;Initial data;NMT;Initial data;22.03.2016 00:00
11;29.02.2016 00:00;11;;IN;1;Initial data;NMT;Initial data;22.03.2016 00:00
12;29.02.2016 00:00;12;;IN;1;Initial data;NMT;Initial data;22.03.2016 00:00
13;29.02.2016 00:00;13;;IN;1;Initial data;NMT;Initial data;22.03.2016 00:00
14;29.02.2016 00:00;14;;IN;1;Initial data;NMT;Initial data;22.03.2016 00:00
15;29.02.2016 00:00;15;;IN;1;Initial data;NMT;Initial data;22.03.2016 00:00
16;29.02.2016 00:00;16;;IN;1;Initial data;NMT;Initial data;22.03.2016 00:00
17;29.02.2016 00:00;17;;IN;1;Initial data;NMT;Initial data;22.03.2016 00:00
18;29.02.2016 00:00;18;;IN;1;Initial data;NMT;Initial data;22.03.2016 00:00
19;29.02.2016 00:00;19;;IN;1;Initial data;NMT;Initial data;22.03.2016 00:00
20;29.02.2016 00:00;20;;IN;1;Initial data;NMT;Initial data;22.03.2016 00:00
21;29.02.2016 00:00;21;;IN;1;Initial data;NMT;Initial data;22.03.2016 00:00
22;29.02.2016 00:00;22;;IN;0;Initial data;NMT;Initial data;22.03.2016 00:00
23;29.02.2016 00:00;23;;IN;0;Initial data;NMT;Initial data;22.03.2016 00:00
24;29.02.2016 00:00;24;;IN;10;Initial data;NMT;Initial data;22.03.2016 00:00
25;29.02.2016 00:00;25;;IN;1;Initial data;NMT;Initial data;22.03.2016 00:00
26;29.02.2016 00:00;26;;IN;0;Initial data;NMT;Initial data;22.03.2016 00:00
27;29.02.2016 00:00;27;;IN;1;Initial data;NMT;Initial data;22.03.2016 00:00
28;29.02.2016 00:00;28;;IN;1;Initial data;NMT;Initial data;22.03.2016 00:00
29;29.02.2016 00:00;29;;IN;10;Initial data;NMT;Initial data;22.03.2016 00:00
30;29.02.2016 00:00;30;;IN;1;Initial data;NMT;Initial data;22.03.2016 00:00
31;29.02.2016 00:00;31;;IN;1;Initial data;NMT;Initial data;22.03.2016 00:00
32;29.02.2016 00:00;32;;IN;1;Initial data;NMT;Initial data;22.03.2016 00:00
33;29.02.2016 00:00;33;;IN;1;Initial data;NMT;Initial data;22.03.2016 00:00
34;29.02.2016 00:00;34;;IN;1;Initial data;NMT;Initial data;22.03.2016 00:00
35;29.02.2016 00:00;35;;IN;0;Initial data;NMT;Initial data;22.03.2016 00:00
36;29.02.2016 00:00;36;;IN;1;Initial data;NMT;Initial data;22.03.2016 00:00
37;29.02.2016 00:00;37;;IN;1;Initial data;NMT;Initial data;22.03.2016 00:00
38;29.02.2016 00:00;38;;IN;1;Initial data;NMT;Initial data;22.03.2016 00:00
39;29.02.2016 00:00;39;;IN;1;Initial data;NMT;Initial data;22.03.2016 00:00
40;29.02.2016 00:00;40;;IN;1;Initial data;NMT;Initial data;22.03.2016 00:00
41;29.02.2016 00:00;41;;IN;1;Initial data;NMT;Initial data;22.03.2016 00:00
42;29.02.2016 00:00;42;;IN;10;Initial data;NMT;Initial data;22.03.2016 00:00
43;29.02.2016 00:00;43;;IN;1;Initial data;NMT;Initial data;22.03.2016 00:00
44;29.02.2016 00:00;44;;IN;0;Initial data;NMT;Initial data;22.03.2016 00:00
45;29.02.2016 00:00;45;;IN;1;Initial data;NMT;Initial data;22.03.2016 00:00
46;29.02.2016 00:00;46;;IN;1;Initial data;NMT;Initial data;22.03.2016 00:00
47;29.02.2016 00:00;47;;IN;1;Initial data;NMT;Initial data;22.03.2016 00:00
48;29.02.2016 00:00;48;;IN;1;Initial data;NMT;Initial data;22.03.2016 00:00
49;29.02.2016 00:00;49;;IN;1;Initial data;NMT;Initial data;22.03.2016 00:00
50;29.02.2016 00:00;50;;IN;1;Initial data;NMT;Initial data;22.03.2016 00:00
51;29.02.2016 00:00;51;;IN;1;Initial data;NMT;Initial data;22.03.2016 00:00
52;29.02.2016 00:00;52;;IN;1;Initial data;NMT;Initial data;22.03.2016 00:00
53;29.02.2016 00:00;53;;IN;1;Initial data;NMT;Initial data;22.03.2016 00:00
54;29.02.2016 00:00;54;;IN;1;Initial data;NMT;Initial data;22.03.2016 00:00
55;29.02.2016 00:00;55;;IN;1;Initial data;NMT;Initial data;22.03.2016 00:00
56;29.02.2016 00:00;56;;IN;26;Initial data;NMT;Initial data;22.03.2016 00:00
57;29.02.2016 00:00;57;;IN;6;Initial data;NMT;Initial data;22.03.2016 00:00
58;29.02.2016 00:00;58;;IN;6;Initial data;NMT;Initial data;22.03.2016 00:00
59;29.02.2016 00:00;59;;IN;4;Initial data;NMT;Initial data;22.03.2016 00:00
60;29.02.2016 00:00;60;;IN;0;Initial data;NMT;Initial data;22.03.2016 00:00
61;42429,00069;61;;IN;0;Initial data;NMT;Initial data;22.03.2016 00:00
62;42429,00071;62;;IN;10;Initial data;NMT;Initial data;22.03.2016 00:00
63;42429,00072;63;;IN;8;Initial data;NMT;Initial data;22.03.2016 00:00
64;42429,00073;64;;IN;9;Initial data;NMT;Initial data;22.03.2016 00:00
65;42429,00074;65;;IN;20;Initial data;NMT;Initial data;22.03.2016 00:00
66;42429,00075;66;;IN;18;Initial data;NMT;Initial data;22.03.2016 00:00
67;42429,00076;67;;IN;12;Initial data;NMT;Initial data;22.03.2016 00:00
68;42429,00078;68;;IN;25;Initial data;NMT;Initial data;22.03.2016 00:00
69;42429,00079;69;;IN;2;Initial data;NMT;Initial data;22.03.2016 00:00
70;42429,0008;70;;IN;3;Initial data;NMT;Initial data;22.03.2016 00:00
71;42429,00081;71;;IN;5;Initial data;NMT;Initial data;22.03.2016 00:00
72;42429,00082;72;;IN;21;Initial data;NMT;Initial data;22.03.2016 00:00
73;42429,00083;73;;IN;0;Initial data;NMT;Initial data;22.03.2016 00:00
74;42429,00084;74;;IN;38;Initial data;NMT;Initial data;22.03.2016 00:00
75;42429,00086;75;;IN;8;Initial data;NMT;Initial data;22.03.2016 00:00
76;42429,00087;76;;IN;9;Initial data;NMT;Initial data;22.03.2016 00:00
77;42429,00088;77;;IN;100;Initial data;NMT;Initial data;22.03.2016 00:00
78;42429,00089;78;;IN;5;Initial data;NMT;Initial data;22.03.2016 00:00
79;42429,0009;79;;IN;2;Initial data;NMT;Initial data;22.03.2016 00:00
80;42429,00091;80;;IN;1;Initial data;NMT;Initial data;22.03.2016 00:00
81;42429,00093;81;;IN;2;Initial data;NMT;Initial data;22.03.2016 00:00
82;42429,00094;82;;IN;1;Initial data;NMT;Initial data;22.03.2016 00:00
83;42429,00095;83;;IN;2;Initial data;NMT;Initial data;22.03.2016 00:00
84;42429,00096;84;;IN;2;Initial data;NMT;Initial data;22.03.2016 00:00
85;42429,00097;85;;IN;1;Initial data;NMT;Initial data;22.03.2016 00:00
86;42429,00098;86;;IN;2;Initial data;NMT;Initial data;22.03.2016 00:00
87;42429,001;87;;IN;2;Initial data;NMT;Initial data;22.03.2016 00:00
88;42429,00101;88;;IN;2;Initial data;NMT;Initial data;22.03.2016 00:00
89;42429,00102;89;;IN;2;Initial data;NMT;Initial data;22.03.2016 00:00
90;42429,00103;90;;IN;1;Initial data;NMT;Initial data;22.03.2016 00:00
91;42429,00104;91;;IN;2;Initial data;NMT;Initial data;22.03.2016 00:00
92;42429,00105;92;;IN;1;Initial data;NMT;Initial data;22.03.2016 00:00
93;42429,00106;93;;IN;2;Initial data;NMT;Initial data;22.03.2016 00:00
94;42429,00108;94;;IN;2;Initial data;NMT;Initial data;22.03.2016 00:00
95;42429,00109;95;;IN;1;Initial data;NMT;Initial data;22.03.2016 00:00
96;42429,0011;96;;IN;1;Initial data;NMT;Initial data;22.03.2016 00:00
97;42429,00111;97;;IN;1;Initial data;NMT;Initial data;22.03.2016 00:00
98;42429,00112;98;;IN;2;Initial data;NMT;Initial data;22.03.2016 00:00
99;42429,00113;99;;IN;7;Initial data;NMT;Initial data;22.03.2016 00:00
100;42429,00115;100;;IN;7;Initial data;NMT;Initial data;22.03.2016 00:00
101;42429,00116;101;;IN;3;Initial data;NMT;Initial data;22.03.2016 00:00
102;42429,00117;102;;IN;2;Initial data;NMT;Initial data;22.03.2016 00:00
103;42429,00118;103;;IN;16;Initial data;NMT;Initial data;22.03.2016 00:00
104;42429,00119;104;;IN;2;Initial data;NMT;Initial data;22.03.2016 00:00
105;42429,0012;105;;IN;15;Initial data;NMT;Initial data;22.03.2016 00:00
106;42429,00122;106;;IN;0;Initial data;NMT;Initial data;22.03.2016 00:00
107;42429,00123;107;;IN;0;Initial data;NMT;Initial data;22.03.2016 00:00
108;42429,00124;108;;IN;0;Initial data;NMT;Initial data;22.03.2016 00:00
109;42429,00125;109;;IN;6;Initial data;NMT;Initial data;22.03.2016 00:00
110;42429,00126;110;;IN;5;Initial data;NMT;Initial data;22.03.2016 00:00
111;42429,00127;111;;IN;3;Initial data;NMT;Initial data;22.03.2016 00:00
112;42429,00128;112;;IN;2;Initial data;NMT;Initial data;22.03.2016 00:00
113;42429,0013;113;;IN;1;Initial data;NMT;Initial data;22.03.2016 00:00
114;42429,00131;114;;IN;0;Initial data;NMT;Initial data;22.03.2016 00:00
115;42429,00132;115;;IN;0;Initial data;NMT;Initial data;22.03.2016 00:00
116;42429,00133;116;;IN;2;Initial data;NMT;Initial data;22.03.2016 00:00
117;42429,00134;117;;IN;10;Initial data;NMT;Initial data;22.03.2016 00:00
118;42429,00135;118;;IN;1;Initial data;NMT;Initial data;22.03.2016 00:00
119;42429,00137;119;;IN;2;Initial data;NMT;Initial data;22.03.2016 00:00
120;42429,00138;120;;IN;3;Initial data;NMT;Initial data;22.03.2016 00:00
121;42429,00139;121;;IN;2;Initial data;NMT;Initial data;22.03.2016 00:00
122;42429,0014;122;;IN;0;Initial data;NMT;Initial data;22.03.2016 00:00
123;42429,00141;123;;IN;6;Initial data;NMT;Initial data;22.03.2016 00:00
124;42429,00142;124;;IN;2;Initial data;NMT;Initial data;22.03.2016 00:00
125;42429,00144;125;;IN;2;Initial data;NMT;Initial data;22.03.2016 00:00
126;42429,00145;126;;IN;3;Initial data;NMT;Initial data;22.03.2016 00:00
127;42429,00146;127;;IN;3;Initial data;NMT;Initial data;22.03.2016 00:00
128;42429,00147;128;;IN;2;Initial data;NMT;Initial data;22.03.2016 00:00
129;42429,00148;129;;IN;3;Initial data;NMT;Initial data;22.03.2016 00:00
130;42429,00149;130;;IN;7;Initial data;NMT;Initial data;22.03.2016 00:00
131;42429,0015;131;;IN;3;Initial data;NMT;Initial data;22.03.2016 00:00
132;42429,00152;132;;IN;3;Initial data;NMT;Initial data;22.03.2016 00:00
133;42429,00153;133;;IN;1;Initial data;NMT;Initial data;22.03.2016 00:00
134;42429,00154;134;;IN;2;Initial data;NMT;Initial data;22.03.2016 00:00
135;42429,00155;135;;IN;2;Initial data;NMT;Initial data;22.03.2016 00:00
136;42429,00156;136;;IN;2;Initial data;NMT;Initial data;22.03.2016 00:00
137;42429,00157;137;;IN;0;Initial data;NMT;Initial data;22.03.2016 00:00
138;42429,00159;138;;IN;7;Initial data;NMT;Initial data;22.03.2016 00:00
139;42429,0016;139;;IN;0;Initial data;NMT;Initial data;22.03.2016 00:00
140;42429,00161;140;;IN;8;Initial data;NMT;Initial data;22.03.2016 00:00
141;42429,00162;141;;IN;13;Initial data;NMT;Initial data;22.03.2016 00:00
142;42429,00163;142;;IN;0;Initial data;NMT;Initial data;22.03.2016 00:00
143;42429,00164;143;;IN;0;Initial data;NMT;Initial data;22.03.2016 00:00
144;42429,00166;144;;IN;0;Initial data;NMT;Initial data;22.03.2016 00:00
145;42429,00167;145;;IN;2;Initial data;NMT;Initial data;22.03.2016 00:00
146;42429,00168;146;;IN;0;Initial data;NMT;Initial data;22.03.2016 00:00
147;42429,00169;147;;IN;20;Initial data;NMT;Initial data;22.03.2016 00:00
148;42429,0017;148;;IN;20;Initial data;NMT;Initial data;22.03.2016 00:00
149;42429,00171;149;;IN;20;Initial data;NMT;Initial data;22.03.2016 00:00
150;42429,00172;150;;IN;37;Initial data;NMT;Initial data;22.03.2016 00:00
151;42429,00174;151;;IN;4;Initial data;NMT;Initial data;22.03.2016 00:00
152;42429,00175;152;;IN;20;Initial data;NMT;Initial data;22.03.2016 00:00
153;42429,00176;153;;IN;5;Initial data;NMT;Initial data;22.03.2016 00:00
154;42429,00177;154;;IN;20;Initial data;NMT;Initial data;22.03.2016 00:00
155;42429,00178;155;;IN;24;Initial data;NMT;Initial data;22.03.2016 00:00
156;42429,00179;156;;IN;3;Initial data;NMT;Initial data;22.03.2016 00:00
157;42429,00181;157;;IN;0;Initial data;NMT;Initial data;22.03.2016 00:00
158;42429,00182;158;;IN;18;Initial data;NMT;Initial data;22.03.2016 00:00
159;42429,00183;159;;IN;18;Initial data;NMT;Initial data;22.03.2016 00:00
160;42429,00184;160;;IN;18;Initial data;NMT;Initial data;22.03.2016 00:00
161;42429,00185;161;;IN;3;Initial data;NMT;Initial data;22.03.2016 00:00
162;42429,00186;162;;IN;4;Initial data;NMT;Initial data;22.03.2016 00:00
163;42429,00188;163;;IN;4;Initial data;NMT;Initial data;22.03.2016 00:00
164;42429,00189;164;;IN;4;Initial data;NMT;Initial data;22.03.2016 00:00
165;42429,0019;165;;IN;4;Initial data;NMT;Initial data;22.03.2016 00:00
166;42429,00191;166;;IN;3;Initial data;NMT;Initial data;22.03.2016 00:00
167;42429,00192;167;;IN;3;Initial data;NMT;Initial data;22.03.2016 00:00
168;42429,00193;168;;IN;3;Initial data;NMT;Initial data;22.03.2016 00:00
169;42429,00194;169;;IN;3;Initial data;NMT;Initial data;22.03.2016 00:00
170;42429,00196;170;;IN;1;Initial data;NMT;Initial data;22.03.2016 00:00
171;42429,00197;171;;IN;2;Initial data;NMT;Initial data;22.03.2016 00:00
172;42429,00198;172;;IN;69;Initial data;NMT;Initial data;22.03.2016 00:00
173;42429,00199;173;;IN;3;Initial data;NMT;Initial data;22.03.2016 00:00
174;42429,002;174;;IN;8;Initial data;NMT;Initial data;22.03.2016 00:00
175;42429,00201;175;;IN;0;Initial data;NMT;Initial data;22.03.2016 00:00
176;42429,00203;176;;IN;2;Initial data;NMT;Initial data;22.03.2016 00:00
177;42429,00204;177;;IN;7;Initial data;NMT;Initial data;22.03.2016 00:00
178;42429,00205;178;;IN;0;Initial data;NMT;Initial data;22.03.2016 00:00
179;42429,00206;179;;IN;0;Initial data;NMT;Initial data;22.03.2016 00:00
180;42429,00207;180;;IN;20;Initial data;NMT;Initial data;22.03.2016 00:00
181;42429,00208;181;;IN;26;Initial data;NMT;Initial data;22.03.2016 00:00
182;42429,00209;182;;IN;0;Initial data;NMT;Initial data;22.03.2016 00:00
183;42429,00211;183;;IN;5;Initial data;NMT;Initial data;22.03.2016 00:00
184;42429,00212;184;;IN;5;Initial data;NMT;Initial data;22.03.2016 00:00
185;42429,00213;185;;IN;30;Initial data;NMT;Initial data;22.03.2016 00:00
186;42429,00214;186;;IN;14;Initial data;NMT;Initial data;22.03.2016 00:00
187;42429,00215;187;;IN;9;Initial data;NMT;Initial data;22.03.2016 00:00
188;42429,00216;188;;IN;23;Initial data;NMT;Initial data;22.03.2016 00:00
189;42429,00218;189;;IN;29;Initial data;NMT;Initial data;22.03.2016 00:00
190;42429,00219;190;;IN;18;Initial data;NMT;Initial data;22.03.2016 00:00
191;42429,0022;191;;IN;7;Initial data;NMT;Initial data;22.03.2016 00:00
192;42429,00221;192;;IN;20;Initial data;NMT;Initial data;22.03.2016 00:00
193;42429,00222;193;;IN;19;Initial data;NMT;Initial data;22.03.2016 00:00
194;42429,00223;194;;IN;33;Initial data;NMT;Initial data;22.03.2016 00:00
195;42429,00225;195;;IN;37;Initial data;NMT;Initial data;22.03.2016 00:00
196;42429,00226;196;;IN;70;Initial data;NMT;Initial data;22.03.2016 00:00
197;42429,00227;197;;IN;13;Initial data;NMT;Initial data;22.03.2016 00:00
198;42429,00228;198;;IN;35;Initial data;NMT;Initial data;22.03.2016 00:00
199;42429,00229;199;;IN;33;Initial data;NMT;Initial data;22.03.2016 00:00
200;42429,0023;200;;IN;13;Initial data;NMT;Initial data;22.03.2016 00:00
201;42429,00231;201;;IN;14;Initial data;NMT;Initial data;22.03.2016 00:00
202;42429,00233;202;;IN;9;Initial data;NMT;Initial data;22.03.2016 00:00
203;42429,00234;203;;IN;6;Initial data;NMT;Initial data;22.03.2016 00:00
204;42429,00235;204;;IN;8;Initial data;NMT;Initial data;22.03.2016 00:00
205;42429,00236;205;;IN;113;Initial data;NMT;Initial data;22.03.2016 00:00
206;42429,00237;206;;IN;6;Initial data;NMT;Initial data;22.03.2016 00:00
207;42429,00238;207;;IN;44;Initial data;NMT;Initial data;22.03.2016 00:00
208;42429,0024;208;;IN;4;Initial data;NMT;Initial data;22.03.2016 00:00
209;42429,00241;209;;IN;1;Initial data;NMT;Initial data;22.03.2016 00:00
210;42429,00242;210;;IN;27;Initial data;NMT;Initial data;22.03.2016 00:00
211;42429,00243;211;;IN;99;Initial data;NMT;Initial data;22.03.2016 00:00
212;42429,00244;212;;IN;29;Initial data;NMT;Initial data;22.03.2016 00:00
213;42429,00245;213;;IN;32;Initial data;NMT;Initial data;22.03.2016 00:00
214;42429,00247;214;;IN;22;Initial data;NMT;Initial data;22.03.2016 00:00
215;42429,00248;215;;IN;0;Initial data;NMT;Initial data;22.03.2016 00:00
216;42429,00249;216;;IN;2;Initial data;NMT;Initial data;22.03.2016 00:00
217;42429,0025;217;;IN;0;Initial data;NMT;Initial data;22.03.2016 00:00
218;42429,00251;218;;IN;2;Initial data;NMT;Initial data;22.03.2016 00:00
219;42429,00252;219;;IN;66;Initial data;NMT;Initial data;22.03.2016 00:00
220;42429,00253;220;;IN;0;Initial data;NMT;Initial data;22.03.2016 00:00
221;42429,00255;221;;IN;5;Initial data;NMT;Initial data;22.03.2016 00:00
222;42429,00256;222;;IN;2;Initial data;NMT;Initial data;22.03.2016 00:00
223;42429,00257;223;;IN;59;Initial data;NMT;Initial data;22.03.2016 00:00
224;42429,00258;224;;IN;9;Initial data;NMT;Initial data;22.03.2016 00:00
225;42429,00259;225;;IN;1;Initial data;NMT;Initial data;22.03.2016 00:00
226;42429,0026;226;;IN;104;Initial data;NMT;Initial data;22.03.2016 00:00
227;42429,00262;227;;IN;12;Initial data;NMT;Initial data;22.03.2016 00:00
228;42429,00263;228;;IN;0;Initial data;NMT;Initial data;22.03.2016 00:00
229;42429,00264;229;;IN;2;Initial data;NMT;Initial data;22.03.2016 00:00
230;42429,00265;230;;IN;21;Initial data;NMT;Initial data;22.03.2016 00:00
231;42429,00266;231;;IN;10;Initial data;NMT;Initial data;22.03.2016 00:00
232;42429,00267;232;;IN;6;Initial data;NMT;Initial data;22.03.2016 00:00
233;42429,00269;233;;IN;5;Initial data;NMT;Initial data;22.03.2016 00:00
234;42429,0027;234;;IN;27;Initial data;NMT;Initial data;22.03.2016 00:00
235;42429,00271;235;;IN;0;Initial data;NMT;Initial data;22.03.2016 00:00
236;42429,00272;236;;IN;0;Initial data;NMT;Initial data;22.03.2016 00:00
237;42429,00273;237;;IN;0;Initial data;NMT;Initial data;22.03.2016 00:00
238;42429,00274;238;;IN;0;Initial data;NMT;Initial data;22.03.2016 00:00
239;42429,00275;239;;IN;0;Initial data;NMT;Initial data;22.03.2016 00:00
240;42429,00277;240;;IN;3;Initial data;NMT;Initial data;22.03.2016 00:00
241;42429,00278;241;;IN;9;Initial data;NMT;Initial data;22.03.2016 00:00
242;42429,00279;242;;IN;7;Initial data;NMT;Initial data;22.03.2016 00:00
243;42429,0028;243;;IN;0;Initial data;NMT;Initial data;22.03.2016 00:00
244;42429,00281;244;;IN;0;Initial data;NMT;Initial data;22.03.2016 00:00
245;42429,00282;245;;IN;43;Initial data;NMT;Initial data;22.03.2016 00:00
246;42429,00284;246;;IN;24;Initial data;NMT;Initial data;22.03.2016 00:00
247;42429,00285;247;;IN;25;Initial data;NMT;Initial data;22.03.2016 00:00
248;42429,00286;248;;IN;19;Initial data;NMT;Initial data;22.03.2016 00:00
249;42429,00287;249;;IN;0;Initial data;NMT;Initial data;22.03.2016 00:00
250;42429,00288;250;;IN;4;Initial data;NMT;Initial data;22.03.2016 00:00
251;42429,00289;251;;IN;6;Initial data;NMT;Initial data;22.03.2016 00:00
252;42429,00291;252;;IN;0;Initial data;NMT;Initial data;22.03.2016 00:00
253;42429,00292;253;;IN;91;Initial data;NMT;Initial data;22.03.2016 00:00
254;42429,00293;254;;IN;28;Initial data;NMT;Initial data;22.03.2016 00:00
255;42429,00294;255;;IN;46;Initial data;NMT;Initial data;22.03.2016 00:00
256;42429,00295;256;;IN;0;Initial data;NMT;Initial data;22.03.2016 00:00
257;42429,00296;257;;IN;24;Initial data;NMT;Initial data;22.03.2016 00:00
258;42429,00297;258;;IN;45;Initial data;NMT;Initial data;22.03.2016 00:00
259;42429,00299;259;;IN;10;Initial data;NMT;Initial data;22.03.2016 00:00
260;42429,003;260;;IN;1;Initial data;NMT;Initial data;22.03.2016 00:00
261;42429,00301;261;;IN;38;Initial data;NMT;Initial data;22.03.2016 00:00
262;42429,00302;262;;IN;6;Initial data;NMT;Initial data;22.03.2016 00:00
263;42429,00303;263;;IN;6;Initial data;NMT;Initial data;22.03.2016 00:00
264;42429,00304;264;;IN;5;Initial data;NMT;Initial data;22.03.2016 00:00
265;42429,00306;265;;IN;4;Initial data;NMT;Initial data;22.03.2016 00:00
266;42429,00307;266;;IN;3;Initial data;NMT;Initial data;22.03.2016 00:00
267;42429,00308;267;;IN;7;Initial data;NMT;Initial data;22.03.2016 00:00
268;42429,00309;268;;IN;7;Initial data;NMT;Initial data;22.03.2016 00:00
269;42429,0031;269;;IN;4;Initial data;NMT;Initial data;22.03.2016 00:00
270;42429,00311;270;;IN;3;Initial data;NMT;Initial data;22.03.2016 00:00
271;42429,00313;271;;IN;181;Initial data;NMT;Initial data;22.03.2016 00:00
272;42429,00314;272;;IN;5;Initial data;NMT;Initial data;22.03.2016 00:00
273;42429,00315;273;;IN;5;Initial data;NMT;Initial data;22.03.2016 00:00
274;42429,00316;274;;IN;7;Initial data;NMT;Initial data;22.03.2016 00:00
275;42429,00317;275;;IN;95;Initial data;NMT;Initial data;22.03.2016 00:00
276;42429,00318;276;;IN;24;Initial data;NMT;Initial data;22.03.2016 00:00
277;42429,00319;277;;IN;25;Initial data;NMT;Initial data;22.03.2016 00:00
278;42429,00321;278;;IN;13;Initial data;NMT;Initial data;22.03.2016 00:00
279;42429,00322;279;;IN;18;Initial data;NMT;Initial data;22.03.2016 00:00
280;42429,00323;280;;IN;3;Initial data;NMT;Initial data;22.03.2016 00:00
281;42429,00324;281;;IN;6;Initial data;NMT;Initial data;22.03.2016 00:00
282;42429,00325;282;;IN;25;Initial data;NMT;Initial data;22.03.2016 00:00
283;42429,00326;283;;IN;0;Initial data;NMT;Initial data;22.03.2016 00:00
284;42429,00328;284;;IN;0;Initial data;NMT;Initial data;22.03.2016 00:00
285;42429,00329;285;;IN;5;Initial data;NMT;Initial data;22.03.2016 00:00
286;42429,0033;286;;IN;5;Initial data;NMT;Initial data;22.03.2016 00:00
287;42429,00331;287;;IN;0;Initial data;NMT;Initial data;22.03.2016 00:00
288;42429,00332;288;;IN;11;Initial data;NMT;Initial data;22.03.2016 00:00
289;42429,00333;289;;IN;9;Initial data;NMT;Initial data;22.03.2016 00:00
290;42429,00334;290;;IN;45;Initial data;NMT;Initial data;22.03.2016 00:00
291;42429,00336;291;;IN;16;Initial data;NMT;Initial data;22.03.2016 00:00
292;42429,00337;292;;IN;5;Initial data;NMT;Initial data;22.03.2016 00:00
293;42429,00338;293;;IN;0;Initial data;NMT;Initial data;22.03.2016 00:00
294;42429,00339;294;;IN;0;Initial data;NMT;Initial data;22.03.2016 00:00
295;42429,0034;295;;IN;10;Initial data;NMT;Initial data;22.03.2016 00:00
296;42429,00341;296;;IN;0;Initial data;NMT;Initial data;22.03.2016 00:00
297;42429,00343;297;;IN;0;Initial data;NMT;Initial data;22.03.2016 00:00
298;42429,00344;298;;IN;0;Initial data;NMT;Initial data;22.03.2016 00:00
299;42429,00345;299;;IN;8;Initial data;NMT;Initial data;22.03.2016 00:00
300;42429,00346;300;;IN;2;Initial data;NMT;Initial data;22.03.2016 00:00
301;42429,00347;301;;IN;31;Initial data;NMT;Initial data;22.03.2016 00:00
302;42429,00348;302;;IN;0;Initial data;NMT;Initial data;22.03.2016 00:00
303;42429,0035;303;;IN;4;Initial data;NMT;Initial data;22.03.2016 00:00
304;42429,00351;304;;IN;30;Initial data;NMT;Initial data;22.03.2016 00:00
305;42429,00352;305;;IN;11;Initial data;NMT;Initial data;22.03.2016 00:00
306;42429,00353;306;;IN;6;Initial data;NMT;Initial data;22.03.2016 00:00
307;42429,00354;307;;IN;5;Initial data;NMT;Initial data;22.03.2016 00:00
308;42429,00355;308;;IN;10;Initial data;NMT;Initial data;22.03.2016 00:00
309;42429,00356;309;;IN;0;Initial data;NMT;Initial data;22.03.2016 00:00
310;42429,00358;310;;IN;32;Initial data;NMT;Initial data;22.03.2016 00:00
311;42429,00359;311;;IN;37;Initial data;NMT;Initial data;22.03.2016 00:00
312;42429,0036;312;;IN;25;Initial data;NMT;Initial data;22.03.2016 00:00
313;42429,00361;313;;IN;0;Initial data;NMT;Initial data;22.03.2016 00:00
314;42429,00362;314;;IN;2;Initial data;NMT;Initial data;22.03.2016 00:00
315;42429,00363;315;;IN;1;Initial data;NMT;Initial data;22.03.2016 00:00
316;42429,00365;316;;IN;65;Initial data;NMT;Initial data;22.03.2016 00:00
317;42429,00366;317;;IN;44;Initial data;NMT;Initial data;22.03.2016 00:00
318;42429,00367;318;;IN;30;Initial data;NMT;Initial data;22.03.2016 00:00
319;42429,00368;319;;IN;18;Initial data;NMT;Initial data;22.03.2016 00:00
320;42429,00369;320;;IN;34;Initial data;NMT;Initial data;22.03.2016 00:00
321;42429,0037;321;;IN;35;Initial data;NMT;Initial data;22.03.2016 00:00
322;42429,00372;322;;IN;53;Initial data;NMT;Initial data;22.03.2016 00:00
323;42429,00373;323;;IN;41;Initial data;NMT;Initial data;22.03.2016 00:00
324;42429,00374;324;;IN;68;Initial data;NMT;Initial data;22.03.2016 00:00
325;42429,00375;325;;IN;48;Initial data;NMT;Initial data;22.03.2016 00:00
326;42429,00376;326;;IN;30;Initial data;NMT;Initial data;22.03.2016 00:00
327;42429,00377;327;;IN;131;Initial data;NMT;Initial data;22.03.2016 00:00
328;42429,00378;328;;IN;68;Initial data;NMT;Initial data;22.03.2016 00:00
329;42429,0038;329;;IN;36;Initial data;NMT;Initial data;22.03.2016 00:00
330;42429,00381;330;;IN;54;Initial data;NMT;Initial data;22.03.2016 00:00
331;42429,00382;331;;IN;35;Initial data;NMT;Initial data;22.03.2016 00:00
332;42429,00383;332;;IN;83;Initial data;NMT;Initial data;22.03.2016 00:00
333;42429,00384;333;;IN;58;Initial data;NMT;Initial data;22.03.2016 00:00
334;42429,00385;334;;IN;0;Initial data;NMT;Initial data;22.03.2016 00:00
335;42429,00387;335;;IN;23;Initial data;NMT;Initial data;22.03.2016 00:00
336;42429,00388;336;;IN;6;Initial data;NMT;Initial data;22.03.2016 00:00
337;42429,00389;337;;IN;7;Initial data;NMT;Initial data;22.03.2016 00:00
338;42429,0039;338;;IN;3;Initial data;NMT;Initial data;22.03.2016 00:00
339;42429,00391;339;;IN;1;Initial data;NMT;Initial data;22.03.2016 00:00
340;42429,00392;340;;IN;3;Initial data;NMT;Initial data;22.03.2016 00:00
341;42429,00394;341;;IN;48;Initial data;NMT;Initial data;22.03.2016 00:00
342;42429,00395;342;;IN;10;Initial data;NMT;Initial data;22.03.2016 00:00
343;42429,00396;343;;IN;8;Initial data;NMT;Initial data;22.03.2016 00:00
344;42429,00397;344;;IN;8;Initial data;NMT;Initial data;22.03.2016 00:00
345;42429,00398;345;;IN;3;Initial data;NMT;Initial data;22.03.2016 00:00
346;42429,00399;346;;IN;0;Initial data;NMT;Initial data;22.03.2016 00:00
347;42429,004;347;;IN;77;Initial data;NMT;Initial data;22.03.2016 00:00
348;42429,00402;348;;IN;0;Initial data;NMT;Initial data;22.03.2016 00:00
349;42429,00403;349;;IN;9;Initial data;NMT;Initial data;22.03.2016 00:00
350;42429,00404;350;;IN;0;Initial data;NMT;Initial data;22.03.2016 00:00
351;42429,00405;351;;IN;0;Initial data;NMT;Initial data;22.03.2016 00:00
352;42429,00406;352;;IN;0;Initial data;NMT;Initial data;22.03.2016 00:00
353;42429,00407;353;;IN;0;Initial data;NMT;Initial data;22.03.2016 00:00
354;42429,00409;354;;IN;2;Initial data;NMT;Initial data;22.03.2016 00:00
355;42429,0041;355;;IN;2;Initial data;NMT;Initial data;22.03.2016 00:00
356;42429,00411;356;;IN;9;Initial data;NMT;Initial data;22.03.2016 00:00
357;42429,00412;357;;IN;0;Initial data;NMT;Initial data;22.03.2016 00:00
358;42429,00413;358;;IN;0;Initial data;NMT;Initial data;22.03.2016 00:00
359;42429,00414;359;;IN;2;Initial data;NMT;Initial data;22.03.2016 00:00
360;42429,00416;360;;IN;50;Initial data;NMT;Initial data;22.03.2016 00:00
361;42429,00417;361;;IN;0;Initial data;NMT;Initial data;22.03.2016 00:00
362;42429,00418;362;;IN;0;Initial data;NMT;Initial data;22.03.2016 00:00
363;42429,00419;363;;IN;1;Initial data;NMT;Initial data;22.03.2016 00:00
364;42429,0042;364;;IN;1;Initial data;NMT;Initial data;22.03.2016 00:00
365;42429,00421;365;;IN;3;Initial data;NMT;Initial data;22.03.2016 00:00
366;42429,00422;366;;IN;0;Initial data;NMT;Initial data;22.03.2016 00:00
367;42429,00424;367;;IN;38;Initial data;NMT;Initial data;22.03.2016 00:00
368;42429,00425;368;;IN;20;Initial data;NMT;Initial data;22.03.2016 00:00
369;42429,00426;369;;IN;8;Initial data;NMT;Initial data;22.03.2016 00:00
370;42429,00427;370;;IN;10;Initial data;NMT;Initial data;22.03.2016 00:00
371;42429,00428;371;;IN;10;Initial data;NMT;Initial data;22.03.2016 00:00
372;42429,00429;372;;IN;6;Initial data;NMT;Initial data;22.03.2016 00:00
373;42429,00431;373;;IN;0;Initial data;NMT;Initial data;22.03.2016 00:00
374;42429,00432;374;;IN;0;Initial data;NMT;Initial data;22.03.2016 00:00
375;42429,00433;375;;IN;0;Initial data;NMT;Initial data;22.03.2016 00:00
376;42429,00434;376;;IN;18;Initial data;NMT;Initial data;22.03.2016 00:00
377;42429,00435;377;;IN;14;Initial data;NMT;Initial data;22.03.2016 00:00
378;42429,00436;378;;IN;0;Initial data;NMT;Initial data;22.03.2016 00:00
379;42429,00438;379;;IN;0;Initial data;NMT;Initial data;22.03.2016 00:00
380;42429,00439;380;;IN;0;Initial data;NMT;Initial data;22.03.2016 00:00
381;42429,0044;381;;IN;0;Initial data;NMT;Initial data;22.03.2016 00:00
382;42429,00441;382;;IN;14;Initial data;NMT;Initial data;22.03.2016 00:00
383;42429,00442;383;;IN;132;Initial data;NMT;Initial data;22.03.2016 00:00
384;42429,00443;384;;IN;8;Initial data;NMT;Initial data;22.03.2016 00:00
385;42429,00444;385;;IN;0;Initial data;NMT;Initial data;22.03.2016 00:00
386;42429,00446;386;;IN;0;Initial data;NMT;Initial data;22.03.2016 00:00
387;42429,00447;387;;IN;0;Initial data;NMT;Initial data;22.03.2016 00:00
388;42429,00448;388;;IN;0;Initial data;NMT;Initial data;22.03.2016 00:00
389;42429,00449;389;;IN;9;Initial data;NMT;Initial data;22.03.2016 00:00
390;42429,0045;390;;IN;5;Initial data;NMT;Initial data;22.03.2016 00:00
391;42429,00451;391;;IN;1;Initial data;NMT;Initial data;22.03.2016 00:00
392;42429,00453;392;;IN;0;Initial data;NMT;Initial data;22.03.2016 00:00
393;42429,00454;393;;IN;0;Initial data;NMT;Initial data;22.03.2016 00:00
394;42429,00455;394;;IN;0;Initial data;NMT;Initial data;22.03.2016 00:00
395;42429,00456;395;;IN;0;Initial data;NMT;Initial data;22.03.2016 00:00
396;42429,00457;396;;IN;0;Initial data;NMT;Initial data;22.03.2016 00:00
397;42429,00458;397;;IN;0;Initial data;NMT;Initial data;22.03.2016 00:00
398;42429,00459;398;;IN;14;Initial data;NMT;Initial data;22.03.2016 00:00
399;42429,00461;399;;IN;0;Initial data;NMT;Initial data;22.03.2016 00:00
400;42429,00462;400;;IN;0;Initial data;NMT;Initial data;22.03.2016 00:00
401;42429,00463;401;;IN;20;Initial data;NMT;Initial data;22.03.2016 00:00
402;42429,00464;402;;IN;0;Initial data;NMT;Initial data;22.03.2016 00:00
403;42429,00465;403;;IN;0;Initial data;NMT;Initial data;22.03.2016 00:00
404;42429,00466;404;;IN;0;Initial data;NMT;Initial data;22.03.2016 00:00
405;42429,00468;405;;IN;0;Initial data;NMT;Initial data;22.03.2016 00:00
406;42429,00469;406;;IN;6;Initial data;NMT;Initial data;22.03.2016 00:00
407;42429,0047;407;;IN;14;Initial data;NMT;Initial data;22.03.2016 00:00
408;42429,00471;408;;IN;9;Initial data;NMT;Initial data;22.03.2016 00:00
409;42429,00472;409;;IN;2;Initial data;NMT;Initial data;22.03.2016 00:00
410;42429,00473;410;;IN;18;Initial data;NMT;Initial data;22.03.2016 00:00
411;42429,00475;411;;IN;2;Initial data;NMT;Initial data;22.03.2016 00:00
412;42429,00476;412;;IN;0;Initial data;NMT;Initial data;22.03.2016 00:00
413;42429,00477;413;;IN;11;Initial data;NMT;Initial data;22.03.2016 00:00
414;42429,00478;414;;IN;2;Initial data;NMT;Initial data;22.03.2016 00:00
415;42429,00479;415;;IN;5;Initial data;NMT;Initial data;22.03.2016 00:00
416;42429,0048;416;;IN;3;Initial data;NMT;Initial data;22.03.2016 00:00
417;42429,00481;417;;IN;0;Initial data;NMT;Initial data;22.03.2016 00:00
418;42429,00483;418;;IN;5;Initial data;NMT;Initial data;22.03.2016 00:00
419;42429,00484;419;;IN;2;Initial data;NMT;Initial data;22.03.2016 00:00
420;42429,00485;420;;IN;0;Initial data;NMT;Initial data;22.03.2016 00:00
421;42429,00486;421;;IN;0;Initial data;NMT;Initial data;22.03.2016 00:00
422;42429,00487;422;;IN;0;Initial data;NMT;Initial data;22.03.2016 00:00
423;42429,00488;423;;IN;0;Initial data;NMT;Initial data;22.03.2016 00:00
424;42429,0049;424;;IN;28;Initial data;NMT;Initial data;22.03.2016 00:00
425;42429,00491;425;;IN;14;Initial data;NMT;Initial data;22.03.2016 00:00
426;42429,00492;426;;IN;0;Initial data;NMT;Initial data;22.03.2016 00:00
427;42429,00493;427;;IN;0;Initial data;NMT;Initial data;22.03.2016 00:00
428;42429,00494;428;;IN;37;Initial data;NMT;Initial data;22.03.2016 00:00
429;42429,00495;429;;IN;2;Initial data;NMT;Initial data;22.03.2016 00:00
430;42429,00497;430;;IN;4;Initial data;NMT;Initial data;22.03.2016 00:00
431;42429,00498;431;;IN;0;Initial data;NMT;Initial data;22.03.2016 00:00
432;42429,00499;432;;IN;3;Initial data;NMT;Initial data;22.03.2016 00:00
433;42429,005;433;;IN;3;Initial data;NMT;Initial data;22.03.2016 00:00
434;42429,00501;434;;IN;2;Initial data;NMT;Initial data;22.03.2016 00:00
435;42429,00502;435;;IN;3;Initial data;NMT;Initial data;22.03.2016 00:00
436;42429,00503;436;;IN;1;Initial data;NMT;Initial data;22.03.2016 00:00
437;42429,00505;437;;IN;4;Initial data;NMT;Initial data;22.03.2016 00:00
438;42429,00506;438;;IN;1;Initial data;NMT;Initial data;22.03.2016 00:00
439;42429,00507;439;;IN;1;Initial data;NMT;Initial data;22.03.2016 00:00
440;42429,00508;440;;IN;4;Initial data;NMT;Initial data;22.03.2016 00:00
441;42429,00509;441;;IN;48;Initial data;NMT;Initial data;22.03.2016 00:00
442;42429,0051;442;;IN;30;Initial data;NMT;Initial data;22.03.2016 00:00
443;42429,00512;443;;IN;49;Initial data;NMT;Initial data;22.03.2016 00:00
444;42429,00513;444;;IN;3;Initial data;NMT;Initial data;22.03.2016 00:00
445;42429,00514;445;;IN;5;Initial data;NMT;Initial data;22.03.2016 00:00
446;42429,00515;446;;IN;2;Initial data;NMT;Initial data;22.03.2016 00:00
447;42429,00516;447;;IN;2;Initial data;NMT;Initial data;22.03.2016 00:00
448;42429,00517;448;;IN;3;Initial data;NMT;Initial data;22.03.2016 00:00
449;42429,00519;449;;IN;5;Initial data;NMT;Initial data;22.03.2016 00:00
450;42429,0052;450;;IN;3;Initial data;NMT;Initial data;22.03.2016 00:00
451;42429,00521;451;;IN;3;Initial data;NMT;Initial data;22.03.2016 00:00
452;42429,00522;452;;IN;0;Initial data;NMT;Initial data;22.03.2016 00:00
453;42429,00523;453;;IN;2;Initial data;NMT;Initial data;22.03.2016 00:00
454;42429,00524;454;;IN;5;Initial data;NMT;Initial data;22.03.2016 00:00
455;42429,00525;455;;IN;1;Initial data;NMT;Initial data;22.03.2016 00:00
456;42429,00527;456;;IN;1;Initial data;NMT;Initial data;22.03.2016 00:00
457;42429,00528;457;;IN;1;Initial data;NMT;Initial data;22.03.2016 00:00
458;42429,00529;458;;IN;5;Initial data;NMT;Initial data;22.03.2016 00:00
459;42429,0053;459;;IN;3;Initial data;NMT;Initial data;22.03.2016 00:00
460;42429,00531;460;;IN;1;Initial data;NMT;Initial data;22.03.2016 00:00
461;42429,00532;461;;IN;3;Initial data;NMT;Initial data;22.03.2016 00:00
462;42429,00534;462;;IN;2;Initial data;NMT;Initial data;22.03.2016 00:00
463;42429,00535;463;;IN;2;Initial data;NMT;Initial data;22.03.2016 00:00
464;42429,00536;464;;IN;2;Initial data;NMT;Initial data;22.03.2016 00:00
465;42429,00537;465;;IN;10;Initial data;NMT;Initial data;22.03.2016 00:00
466;42429,00538;466;;IN;2;Initial data;NMT;Initial data;22.03.2016 00:00
467;42429,00539;467;;IN;1;Initial data;NMT;Initial data;22.03.2016 00:00
468;42429,00541;468;;IN;5;Initial data;NMT;Initial data;22.03.2016 00:00
469;42429,00542;469;;IN;2;Initial data;NMT;Initial data;22.03.2016 00:00
470;42429,00543;470;;IN;1;Initial data;NMT;Initial data;22.03.2016 00:00
471;42429,00544;471;;IN;2;Initial data;NMT;Initial data;22.03.2016 00:00
472;42429,00545;472;;IN;2;Initial data;NMT;Initial data;22.03.2016 00:00
473;42429,00546;473;;IN;2;Initial data;NMT;Initial data;22.03.2016 00:00
474;42429,00547;474;;IN;2;Initial data;NMT;Initial data;22.03.2016 00:00
475;42429,00549;475;;IN;2;Initial data;NMT;Initial data;22.03.2016 00:00
476;42429,0055;476;;IN;1;Initial data;NMT;Initial data;22.03.2016 00:00
477;42429,00551;477;;IN;1;Initial data;NMT;Initial data;22.03.2016 00:00
478;42429,00552;478;;IN;109;Initial data;NMT;Initial data;22.03.2016 00:00
479;42429,00553;479;;IN;16;Initial data;NMT;Initial data;22.03.2016 00:00
480;42429,00554;480;;IN;5;Initial data;NMT;Initial data;22.03.2016 00:00
481;42429,00556;481;;IN;0;Initial data;NMT;Initial data;22.03.2016 00:00
482;42429,00557;482;;IN;16;Initial data;NMT;Initial data;22.03.2016 00:00
483;42429,00558;483;;IN;5;Initial data;NMT;Initial data;22.03.2016 00:00
484;42429,00559;484;;IN;21;Initial data;NMT;Initial data;22.03.2016 00:00
485;42429,0056;485;;IN;18;Initial data;NMT;Initial data;22.03.2016 00:00
486;42429,00561;486;;IN;6;Initial data;NMT;Initial data;22.03.2016 00:00
487;42429,00563;487;;IN;0;Initial data;NMT;Initial data;22.03.2016 00:00
488;42429,00564;488;;IN;10;Initial data;NMT;Initial data;22.03.2016 00:00
489;42429,00565;489;;IN;3;Initial data;NMT;Initial data;22.03.2016 00:00
490;42429,00566;490;;IN;4;Initial data;NMT;Initial data;22.03.2016 00:00
491;42429,00567;491;;IN;4;Initial data;NMT;Initial data;22.03.2016 00:00
492;42429,00568;492;;IN;2;Initial data;NMT;Initial data;22.03.2016 00:00
493;42429,00569;493;;IN;4;Initial data;NMT;Initial data;22.03.2016 00:00
494;42429,00571;494;;IN;3;Initial data;NMT;Initial data;22.03.2016 00:00
495;42429,00572;495;;IN;5;Initial data;NMT;Initial data;22.03.2016 00:00
496;42429,00573;496;;IN;4;Initial data;NMT;Initial data;22.03.2016 00:00
497;42429,00574;497;;IN;112;Initial data;NMT;Initial data;22.03.2016 00:00
498;42429,00575;498;;IN;12;Initial data;NMT;Initial data;22.03.2016 00:00
499;42429,00576;499;;IN;17;Initial data;NMT;Initial data;22.03.2016 00:00
500;42429,00578;500;;IN;4;Initial data;NMT;Initial data;22.03.2016 00:00
501;42429,00579;501;;IN;4;Initial data;NMT;Initial data;22.03.2016 00:00
502;42429,0058;502;;IN;13;Initial data;NMT;Initial data;22.03.2016 00:00
503;42429,00581;503;;IN;2;Initial data;NMT;Initial data;22.03.2016 00:00
504;42429,00582;504;;IN;4;Initial data;NMT;Initial data;22.03.2016 00:00
505;42429,00583;505;;IN;4;Initial data;NMT;Initial data;22.03.2016 00:00
506;42429,00584;506;;IN;3;Initial data;NMT;Initial data;22.03.2016 00:00
507;42429,00586;507;;IN;48;Initial data;NMT;Initial data;22.03.2016 00:00
508;42429,00587;508;;IN;4;Initial data;NMT;Initial data;22.03.2016 00:00
509;42429,00588;509;;IN;13;Initial data;NMT;Initial data;22.03.2016 00:00
510;42429,00589;510;;IN;2;Initial data;NMT;Initial data;22.03.2016 00:00
511;42429,0059;511;;IN;2;Initial data;NMT;Initial data;22.03.2016 00:00
512;42429,00591;512;;IN;4;Initial data;NMT;Initial data;22.03.2016 00:00
513;42429,00593;513;;IN;3;Initial data;NMT;Initial data;22.03.2016 00:00
514;42429,00594;514;;IN;3;Initial data;NMT;Initial data;22.03.2016 00:00
515;42429,00595;515;;IN;6;Initial data;NMT;Initial data;22.03.2016 00:00
516;42429,00596;516;;IN;5;Initial data;NMT;Initial data;22.03.2016 00:00
517;42429,00597;517;;IN;5;Initial data;NMT;Initial data;22.03.2016 00:00
518;42429,00598;518;;IN;0;Initial data;NMT;Initial data;22.03.2016 00:00
519;42429,006;519;;IN;1;Initial data;NMT;Initial data;22.03.2016 00:00
520;42429,00601;520;;IN;2;Initial data;NMT;Initial data;22.03.2016 00:00
521;42429,00602;521;;IN;9;Initial data;NMT;Initial data;22.03.2016 00:00
522;42429,00603;522;;IN;30;Initial data;NMT;Initial data;22.03.2016 00:00
523;42429,00604;523;;IN;9;Initial data;NMT;Initial data;22.03.2016 00:00
524;42429,00605;524;;IN;2;Initial data;NMT;Initial data;22.03.2016 00:00
525;42429,00606;525;;IN;0;Initial data;NMT;Initial data;22.03.2016 00:00
526;42429,00608;526;;IN;0;Initial data;NMT;Initial data;22.03.2016 00:00
527;42429,00609;527;;IN;1;Initial data;NMT;Initial data;22.03.2016 00:00
528;42429,0061;528;;IN;1;Initial data;NMT;Initial data;22.03.2016 00:00
529;42429,00611;529;;IN;5;Initial data;NMT;Initial data;22.03.2016 00:00
530;42429,00612;530;;IN;5;Initial data;NMT;Initial data;22.03.2016 00:00
531;42429,00613;531;;IN;8;Initial data;NMT;Initial data;22.03.2016 00:00
532;42429,00615;532;;IN;16;Initial data;NMT;Initial data;22.03.2016 00:00
533;42429,00616;533;;IN;7;Initial data;NMT;Initial data;22.03.2016 00:00
534;42429,00617;534;;IN;6;Initial data;NMT;Initial data;22.03.2016 00:00
535;42429,00618;535;;IN;5;Initial data;NMT;Initial data;22.03.2016 00:00
536;42429,00619;536;;IN;18;Initial data;NMT;Initial data;22.03.2016 00:00
537;42429,0062;537;;IN;18;Initial data;NMT;Initial data;22.03.2016 00:00
538;42429,00622;538;;IN;4;Initial data;NMT;Initial data;22.03.2016 00:00
539;42429,00623;539;;IN;1;Initial data;NMT;Initial data;22.03.2016 00:00
540;42429,00624;540;;IN;1;Initial data;NMT;Initial data;22.03.2016 00:00
541;42429,00625;541;;IN;2;Initial data;NMT;Initial data;22.03.2016 00:00
542;42429,00626;542;;IN;44;Initial data;NMT;Initial data;22.03.2016 00:00
543;42429,00627;543;;IN;6;Initial data;NMT;Initial data;22.03.2016 00:00
544;42429,00628;544;;IN;47;Initial data;NMT;Initial data;22.03.2016 00:00
545;42429,0063;545;;IN;3;Initial data;NMT;Initial data;22.03.2016 00:00
546;42429,00631;546;;IN;49;Initial data;NMT;Initial data;22.03.2016 00:00
547;42429,00632;547;;IN;7;Initial data;NMT;Initial data;22.03.2016 00:00
548;42429,00633;548;;IN;5;Initial data;NMT;Initial data;22.03.2016 00:00
549;42429,00634;549;;IN;3;Initial data;NMT;Initial data;22.03.2016 00:00
550;42429,00635;550;;IN;4;Initial data;NMT;Initial data;22.03.2016 00:00
551;42429,00637;551;;IN;2;Initial data;NMT;Initial data;22.03.2016 00:00
552;42429,00638;552;;IN;3;Initial data;NMT;Initial data;22.03.2016 00:00
553;42429,00639;553;;IN;4;Initial data;NMT;Initial data;22.03.2016 00:00
554;42429,0064;554;;IN;2;Initial data;NMT;Initial data;22.03.2016 00:00
555;42429,00641;555;;IN;14;Initial data;NMT;Initial data;22.03.2016 00:00
556;42429,00642;556;;IN;2;Initial data;NMT;Initial data;22.03.2016 00:00
557;42429,00644;557;;IN;4;Initial data;NMT;Initial data;22.03.2016 00:00
558;42429,00645;558;;IN;2;Initial data;NMT;Initial data;22.03.2016 00:00
559;42429,00646;559;;IN;5;Initial data;NMT;Initial data;22.03.2016 00:00
560;42429,00647;560;;IN;2;Initial data;NMT;Initial data;22.03.2016 00:00
561;42429,00648;561;;IN;2;Initial data;NMT;Initial data;22.03.2016 00:00
562;42429,00649;562;;IN;4;Initial data;NMT;Initial data;22.03.2016 00:00
563;42429,0065;563;;IN;5;Initial data;NMT;Initial data;22.03.2016 00:00
564;42429,00652;564;;IN;1;Initial data;NMT;Initial data;22.03.2016 00:00
565;42429,00653;565;;IN;5;Initial data;NMT;Initial data;22.03.2016 00:00
566;42429,00654;566;;IN;4;Initial data;NMT;Initial data;22.03.2016 00:00
567;42429,00655;567;;IN;9;Initial data;NMT;Initial data;22.03.2016 00:00
568;42429,00656;568;;IN;7;Initial data;NMT;Initial data;22.03.2016 00:00
569;42429,00657;569;;IN;5;Initial data;NMT;Initial data;22.03.2016 00:00
570;42429,00659;570;;IN;4;Initial data;NMT;Initial data;22.03.2016 00:00
571;42429,0066;571;;IN;3;Initial data;NMT;Initial data;22.03.2016 00:00
572;42429,00661;572;;IN;5;Initial data;NMT;Initial data;22.03.2016 00:00
573;42429,00662;573;;IN;4;Initial data;NMT;Initial data;22.03.2016 00:00
574;42429,00663;574;;IN;3;Initial data;NMT;Initial data;22.03.2016 00:00
575;42429,00664;575;;IN;3;Initial data;NMT;Initial data;22.03.2016 00:00
576;42429,00666;576;;IN;1;Initial data;NMT;Initial data;22.03.2016 00:00
577;42429,00667;577;;IN;3;Initial data;NMT;Initial data;22.03.2016 00:00
578;42429,00668;578;;IN;3;Initial data;NMT;Initial data;22.03.2016 00:00
579;42429,00669;579;;IN;5;Initial data;NMT;Initial data;22.03.2016 00:00
580;42429,0067;580;;IN;5;Initial data;NMT;Initial data;22.03.2016 00:00
581;42429,00671;581;;IN;3;Initial data;NMT;Initial data;22.03.2016 00:00
582;42429,00672;582;;IN;3;Initial data;NMT;Initial data;22.03.2016 00:00
583;42429,00674;583;;IN;3;Initial data;NMT;Initial data;22.03.2016 00:00
584;42429,00675;584;;IN;1;Initial data;NMT;Initial data;22.03.2016 00:00
585;42429,00676;585;;IN;3;Initial data;NMT;Initial data;22.03.2016 00:00
586;42429,00677;586;;IN;12;Initial data;NMT;Initial data;22.03.2016 00:00
587;42429,00678;587;;IN;19;Initial data;NMT;Initial data;22.03.2016 00:00
588;42429,00679;588;;IN;45;Initial data;NMT;Initial data;22.03.2016 00:00
589;42429,00681;589;;IN;54;Initial data;NMT;Initial data;22.03.2016 00:00
590;42429,00682;590;;IN;34;Initial data;NMT;Initial data;22.03.2016 00:00
591;42429,00683;591;;IN;10;Initial data;NMT;Initial data;22.03.2016 00:00
592;42429,00684;592;;IN;5;Initial data;NMT;Initial data;22.03.2016 00:00
593;42429,00685;593;;IN;9;Initial data;NMT;Initial data;22.03.2016 00:00
594;42429,00686;594;;IN;10;Initial data;NMT;Initial data;22.03.2016 00:00
595;42429,00688;595;;IN;2;Initial data;NMT;Initial data;22.03.2016 00:00
596;42429,00689;596;;IN;5;Initial data;NMT;Initial data;22.03.2016 00:00
597;42429,0069;597;;IN;3;Initial data;NMT;Initial data;22.03.2016 00:00
598;42429,00691;598;;IN;20;Initial data;NMT;Initial data;22.03.2016 00:00
599;42429,00692;599;;IN;5;Initial data;NMT;Initial data;22.03.2016 00:00
600;42429,00693;600;;IN;5;Initial data;NMT;Initial data;22.03.2016 00:00
601;42429,00694;601;;IN;10;Initial data;NMT;Initial data;22.03.2016 00:00
602;42429,00696;602;;IN;15;Initial data;NMT;Initial data;22.03.2016 00:00
603;42429,00697;603;;IN;18;Initial data;NMT;Initial data;22.03.2016 00:00
604;42429,00698;604;;IN;10;Initial data;NMT;Initial data;22.03.2016 00:00
605;42429,00699;605;;IN;1;Initial data;NMT;Initial data;22.03.2016 00:00
606;42429,007;606;;IN;1;Initial data;NMT;Initial data;22.03.2016 00:00
607;42429,00701;607;;IN;49;Initial data;NMT;Initial data;22.03.2016 00:00
608;42429,00703;608;;IN;17;Initial data;NMT;Initial data;22.03.2016 00:00
609;42429,00704;609;;IN;2;Initial data;NMT;Initial data;22.03.2016 00:00
610;42429,00705;610;;IN;2;Initial data;NMT;Initial data;22.03.2016 00:00
611;42429,00706;611;;IN;1;Initial data;NMT;Initial data;22.03.2016 00:00
612;42429,00707;612;;IN;2;Initial data;NMT;Initial data;22.03.2016 00:00
613;42429,00708;613;;IN;2;Initial data;NMT;Initial data;22.03.2016 00:00
614;42429,00709;614;;IN;2;Initial data;NMT;Initial data;22.03.2016 00:00
615;42429,00711;615;;IN;2;Initial data;NMT;Initial data;22.03.2016 00:00
616;42429,00712;616;;IN;2;Initial data;NMT;Initial data;22.03.2016 00:00
617;42429,00713;617;;IN;2;Initial data;NMT;Initial data;22.03.2016 00:00
618;42429,00714;618;;IN;3;Initial data;NMT;Initial data;22.03.2016 00:00
619;42429,00715;619;;IN;10;Initial data;NMT;Initial data;22.03.2016 00:00
620;42429,00716;620;;IN;0;Initial data;NMT;Initial data;22.03.2016 00:00
621;42429,00718;621;;IN;0;Initial data;NMT;Initial data;22.03.2016 00:00
622;42429,00719;622;;IN;2;Initial data;NMT;Initial data;22.03.2016 00:00
623;42429,0072;623;;IN;2;Initial data;NMT;Initial data;22.03.2016 00:00
624;42429,00721;624;;IN;2;Initial data;NMT;Initial data;22.03.2016 00:00
625;42429,00722;625;;IN;2;Initial data;NMT;Initial data;22.03.2016 00:00
626;42429,00723;626;;IN;2;Initial data;NMT;Initial data;22.03.2016 00:00
627;42429,00725;627;;IN;2;Initial data;NMT;Initial data;22.03.2016 00:00
628;42429,00726;628;;IN;2;Initial data;NMT;Initial data;22.03.2016 00:00
629;42429,00727;629;;IN;2;Initial data;NMT;Initial data;22.03.2016 00:00
630;42429,00728;630;;IN;2;Initial data;NMT;Initial data;22.03.2016 00:00
631;42429,00729;631;;IN;1;Initial data;NMT;Initial data;22.03.2016 00:00
632;42429,0073;632;;IN;2;Initial data;NMT;Initial data;22.03.2016 00:00
633;42429,00731;633;;IN;2;Initial data;NMT;Initial data;22.03.2016 00:00
634;42429,00733;634;;IN;1;Initial data;NMT;Initial data;22.03.2016 00:00
635;42429,00734;635;;IN;3;Initial data;NMT;Initial data;22.03.2016 00:00
636;42429,00735;636;;IN;20;Initial data;NMT;Initial data;22.03.2016 00:00
637;42429,00736;637;;IN;33;Initial data;NMT;Initial data;22.03.2016 00:00
638;42429,00737;638;;IN;10;Initial data;NMT;Initial data;22.03.2016 00:00
639;42429,00738;639;;IN;0;Initial data;NMT;Initial data;22.03.2016 00:00
640;42429,0074;640;;IN;23;Initial data;NMT;Initial data;22.03.2016 00:00
641;42429,00741;641;;IN;5;Initial data;NMT;Initial data;22.03.2016 00:00
642;42429,00742;642;;IN;0;Initial data;NMT;Initial data;22.03.2016 00:00
643;42429,00743;643;;IN;18;Initial data;NMT;Initial data;22.03.2016 00:00
644;42429,00744;644;;IN;5;Initial data;NMT;Initial data;22.03.2016 00:00
645;42429,00745;645;;IN;10;Initial data;NMT;Initial data;22.03.2016 00:00
646;42429,00747;646;;IN;10;Initial data;NMT;Initial data;22.03.2016 00:00
647;42429,00748;647;;IN;23;Initial data;NMT;Initial data;22.03.2016 00:00
648;42429,00749;648;;IN;3;Initial data;NMT;Initial data;22.03.2016 00:00
649;42429,0075;649;;IN;0;Initial data;NMT;Initial data;22.03.2016 00:00
650;42429,00751;650;;IN;0;Initial data;NMT;Initial data;22.03.2016 00:00
651;42429,00752;651;;IN;0;Initial data;NMT;Initial data;22.03.2016 00:00
652;42429,00753;652;;IN;0;Initial data;NMT;Initial data;22.03.2016 00:00
653;42429,00755;653;;IN;0;Initial data;NMT;Initial data;22.03.2016 00:00
654;42429,00756;654;;IN;9;Initial data;NMT;Initial data;22.03.2016 00:00
655;42429,00757;655;;IN;45;Initial data;NMT;Initial data;22.03.2016 00:00
656;42429,00758;656;;IN;0;Initial data;NMT;Initial data;22.03.2016 00:00
657;42429,00759;657;;IN;3;Initial data;NMT;Initial data;22.03.2016 00:00
658;42429,0076;658;;IN;12;Initial data;NMT;Initial data;22.03.2016 00:00
659;42429,00762;659;;IN;7;Initial data;NMT;Initial data;22.03.2016 00:00
660;42429,00763;660;;IN;30;Initial data;NMT;Initial data;22.03.2016 00:00
661;42429,00764;661;;IN;6;Initial data;NMT;Initial data;22.03.2016 00:00
662;42429,00765;662;;IN;15;Initial data;NMT;Initial data;22.03.2016 00:00
663;42429,00766;663;;IN;12;Initial data;NMT;Initial data;22.03.2016 00:00
664;42429,00767;664;;IN;17;Initial data;NMT;Initial data;22.03.2016 00:00
665;42429,00769;665;;IN;23;Initial data;NMT;Initial data;22.03.2016 00:00
666;42429,0077;666;;IN;25;Initial data;NMT;Initial data;22.03.2016 00:00
667;42429,00771;667;;IN;7;Initial data;NMT;Initial data;22.03.2016 00:00
668;42429,00772;668;;IN;0;Initial data;NMT;Initial data;22.03.2016 00:00
669;42429,00773;669;;IN;4;Initial data;NMT;Initial data;22.03.2016 00:00
670;42429,00774;670;;IN;0;Initial data;NMT;Initial data;22.03.2016 00:00
671;42429,00775;671;;IN;327;Initial data;NMT;Initial data;22.03.2016 00:00
672;42429,00777;672;;IN;27;Initial data;NMT;Initial data;22.03.2016 00:00
673;42429,00778;673;;IN;10;Initial data;NMT;Initial data;22.03.2016 00:00
674;42429,00779;674;;IN;19;Initial data;NMT;Initial data;22.03.2016 00:00
675;42429,0078;675;;IN;19;Initial data;NMT;Initial data;22.03.2016 00:00
676;42429,00781;676;;IN;17;Initial data;NMT;Initial data;22.03.2016 00:00
677;42429,00782;677;;IN;16;Initial data;NMT;Initial data;22.03.2016 00:00
678;42429,00784;678;;IN;20;Initial data;NMT;Initial data;22.03.2016 00:00
679;42429,00785;679;;IN;30;Initial data;NMT;Initial data;22.03.2016 00:00
680;42429,00786;680;;IN;0;Initial data;NMT;Initial data;22.03.2016 00:00
681;42429,00787;681;;IN;37;Initial data;NMT;Initial data;22.03.2016 00:00
682;42429,00788;682;;IN;5;Initial data;NMT;Initial data;22.03.2016 00:00
683;42429,00789;683;;IN;80;Initial data;NMT;Initial data;22.03.2016 00:00
684;42429,00791;684;;IN;3;Initial data;NMT;Initial data;22.03.2016 00:00
685;42429,00792;685;;IN;20;Initial data;NMT;Initial data;22.03.2016 00:00
686;42429,00793;686;;IN;146;Initial data;NMT;Initial data;22.03.2016 00:00
687;42429,00794;687;;IN;1165;Initial data;NMT;Initial data;22.03.2016 00:00
688;42429,00795;688;;IN;905;Initial data;NMT;Initial data;22.03.2016 00:00
689;42429,00796;689;;IN;3705;Initial data;NMT;Initial data;22.03.2016 00:00
690;42429,00797;690;;IN;1676;Initial data;NMT;Initial data;22.03.2016 00:00
691;42429,00799;691;;IN;47;Initial data;NMT;Initial data;22.03.2016 00:00
692;42429,008;692;;IN;901;Initial data;NMT;Initial data;22.03.2016 00:00
693;42429,00801;693;;IN;1099;Initial data;NMT;Initial data;22.03.2016 00:00
694;42429,00802;694;;IN;2607;Initial data;NMT;Initial data;22.03.2016 00:00
695;42429,00803;695;;IN;2133;Initial data;NMT;Initial data;22.03.2016 00:00
696;42429,00804;696;;IN;1537;Initial data;NMT;Initial data;22.03.2016 00:00
697;42429,00806;697;;IN;1140;Initial data;NMT;Initial data;22.03.2016 00:00
698;42429,00807;698;;IN;2559;Initial data;NMT;Initial data;22.03.2016 00:00
699;42429,00808;699;;IN;1854;Initial data;NMT;Initial data;22.03.2016 00:00
700;42429,00809;700;;IN;2008;Initial data;NMT;Initial data;22.03.2016 00:00
701;42429,0081;701;;IN;1797;Initial data;NMT;Initial data;22.03.2016 00:00
702;42429,00811;702;;IN;1599;Initial data;NMT;Initial data;22.03.2016 00:00
703;42429,00813;703;;IN;878;Initial data;NMT;Initial data;22.03.2016 00:00
704;42429,00814;704;;IN;223;Initial data;NMT;Initial data;22.03.2016 00:00
705;42429,00815;705;;IN;400;Initial data;NMT;Initial data;22.03.2016 00:00
706;42429,00816;706;;IN;131;Initial data;NMT;Initial data;22.03.2016 00:00
707;42429,00817;707;;IN;740;Initial data;NMT;Initial data;22.03.2016 00:00
708;42429,00818;708;;IN;557;Initial data;NMT;Initial data;22.03.2016 00:00
709;42429,00819;709;;IN;313;Initial data;NMT;Initial data;22.03.2016 00:00
710;42429,00821;710;;IN;499;Initial data;NMT;Initial data;22.03.2016 00:00
711;42429,00822;711;;IN;50;Initial data;NMT;Initial data;22.03.2016 00:00
712;42429,00823;712;;IN;50;Initial data;NMT;Initial data;22.03.2016 00:00
713;42429,00824;713;;IN;140;Initial data;NMT;Initial data;22.03.2016 00:00
714;42429,00825;714;;IN;139;Initial data;NMT;Initial data;22.03.2016 00:00
715;42429,00826;715;;IN;164;Initial data;NMT;Initial data;22.03.2016 00:00
716;42429,00828;716;;IN;473;Initial data;NMT;Initial data;22.03.2016 00:00
717;42429,00829;717;;IN;300;Initial data;NMT;Initial data;22.03.2016 00:00
718;42429,0083;718;;IN;0;Initial data;NMT;Initial data;22.03.2016 00:00
719;42429,00831;719;;IN;1;Initial data;NMT;Initial data;22.03.2016 00:00
720;42429,00832;720;;IN;7;Initial data;NMT;Initial data;22.03.2016 00:00
721;42429,00833;721;;IN;1;Initial data;NMT;Initial data;22.03.2016 00:00
722;42429,00834;722;;IN;0;Initial data;NMT;Initial data;22.03.2016 00:00
723;42429,00836;723;;IN;28;Initial data;NMT;Initial data;22.03.2016 00:00
724;42429,00837;724;;IN;35;Initial data;NMT;Initial data;22.03.2016 00:00
725;42429,00838;725;;IN;2;Initial data;NMT;Initial data;22.03.2016 00:00
726;42429,00839;726;;IN;3;Initial data;NMT;Initial data;22.03.2016 00:00
727;42429,0084;727;;IN;2;Initial data;NMT;Initial data;22.03.2016 00:00
728;42429,00841;728;;IN;2;Initial data;NMT;Initial data;22.03.2016 00:00
729;42429,00843;729;;IN;35;Initial data;NMT;Initial data;22.03.2016 00:00
730;42429,00844;730;;IN;0;Initial data;NMT;Initial data;22.03.2016 00:00
731;42429,00845;731;;IN;109;Initial data;NMT;Initial data;22.03.2016 00:00
732;42429,00846;732;;IN;27;Initial data;NMT;Initial data;22.03.2016 00:00
733;42429,00847;733;;IN;6;Initial data;NMT;Initial data;22.03.2016 00:00
734;42429,00848;734;;IN;5;Initial data;NMT;Initial data;22.03.2016 00:00
735;42429,0085;735;;IN;2;Initial data;NMT;Initial data;22.03.2016 00:00
736;42429,00851;736;;IN;20;Initial data;NMT;Initial data;22.03.2016 00:00
737;42429,00852;737;;IN;5;Initial data;NMT;Initial data;22.03.2016 00:00
738;42429,00853;738;;IN;4;Initial data;NMT;Initial data;22.03.2016 00:00
739;42429,00854;739;;IN;5;Initial data;NMT;Initial data;22.03.2016 00:00
740;42429,00855;740;;IN;3;Initial data;NMT;Initial data;22.03.2016 00:00
741;42429,00856;741;;IN;5;Initial data;NMT;Initial data;22.03.2016 00:00
742;42429,00858;742;;IN;5;Initial data;NMT;Initial data;22.03.2016 00:00
743;42429,00859;743;;IN;5;Initial data;NMT;Initial data;22.03.2016 00:00
744;42429,0086;744;;IN;5;Initial data;NMT;Initial data;22.03.2016 00:00
745;42429,00861;745;;IN;5;Initial data;NMT;Initial data;22.03.2016 00:00
746;42429,00862;746;;IN;4;Initial data;NMT;Initial data;22.03.2016 00:00
747;42429,00863;747;;IN;4;Initial data;NMT;Initial data;22.03.2016 00:00
748;42429,00865;748;;IN;5;Initial data;NMT;Initial data;22.03.2016 00:00
749;42429,00866;749;;IN;5;Initial data;NMT;Initial data;22.03.2016 00:00
750;42429,00867;750;;IN;4;Initial data;NMT;Initial data;22.03.2016 00:00
751;42429,00868;751;;IN;4;Initial data;NMT;Initial data;22.03.2016 00:00
752;42429,00869;752;;IN;5;Initial data;NMT;Initial data;22.03.2016 00:00
753;42429,0087;753;;IN;5;Initial data;NMT;Initial data;22.03.2016 00:00
754;42429,00872;754;;IN;5;Initial data;NMT;Initial data;22.03.2016 00:00
755;42429,00873;755;;IN;8;Initial data;NMT;Initial data;22.03.2016 00:00
756;42429,00874;756;;IN;0;Initial data;NMT;Initial data;22.03.2016 00:00
757;42429,00875;757;;IN;0;Initial data;NMT;Initial data;22.03.2016 00:00
758;42429,00876;758;;IN;0;Initial data;NMT;Initial data;22.03.2016 00:00
759;42429,00877;759;;IN;2;Initial data;NMT;Initial data;22.03.2016 00:00
760;42429,00878;760;;IN;14;Initial data;NMT;Initial data;22.03.2016 00:00
761;42429,0088;761;;IN;10;Initial data;NMT;Initial data;22.03.2016 00:00
762;42429,00881;762;;IN;6;Initial data;NMT;Initial data;22.03.2016 00:00
763;42429,00882;763;;IN;0;Initial data;NMT;Initial data;22.03.2016 00:00
764;42429,00883;764;;IN;22;Initial data;NMT;Initial data;22.03.2016 00:00
765;42429,00884;765;;IN;0;Initial data;NMT;Initial data;22.03.2016 00:00
766;42429,00885;766;;IN;0;Initial data;NMT;Initial data;22.03.2016 00:00
767;42429,00887;767;;IN;6;Initial data;NMT;Initial data;22.03.2016 00:00
768;42429,00888;768;;IN;19;Initial data;NMT;Initial data;22.03.2016 00:00
769;42429,00889;769;;IN;0;Initial data;NMT;Initial data;22.03.2016 00:00
770;42429,0089;770;;IN;0;Initial data;NMT;Initial data;22.03.2016 00:00
771;42429,00891;771;;IN;10;Initial data;NMT;Initial data;22.03.2016 00:00
772;42429,00892;772;;IN;5;Initial data;NMT;Initial data;22.03.2016 00:00
773;42429,00894;773;;IN;0;Initial data;NMT;Initial data;22.03.2016 00:00
774;42429,00895;774;;IN;2;Initial data;NMT;Initial data;22.03.2016 00:00
775;42429,00896;775;;IN;11;Initial data;NMT;Initial data;22.03.2016 00:00
776;42429,00897;776;;IN;3;Initial data;NMT;Initial data;22.03.2016 00:00
777;42429,00898;777;;IN;10;Initial data;NMT;Initial data;22.03.2016 00:00
778;42429,00899;778;;IN;9;Initial data;NMT;Initial data;22.03.2016 00:00
779;42429,009;779;;IN;17;Initial data;NMT;Initial data;22.03.2016 00:00
780;42429,00902;780;;IN;10;Initial data;NMT;Initial data;22.03.2016 00:00
781;42429,00903;781;;IN;36;Initial data;NMT;Initial data;22.03.2016 00:00
782;42429,00904;782;;IN;38;Initial data;NMT;Initial data;22.03.2016 00:00
783;42429,00905;783;;IN;0;Initial data;NMT;Initial data;22.03.2016 00:00
784;42429,00906;784;;IN;25;Initial data;NMT;Initial data;22.03.2016 00:00
785;42429,00907;785;;IN;11;Initial data;NMT;Initial data;22.03.2016 00:00
786;42429,00909;786;;IN;0;Initial data;NMT;Initial data;22.03.2016 00:00
787;42429,0091;787;;IN;7;Initial data;NMT;Initial data;22.03.2016 00:00
788;42429,00911;788;;IN;20;Initial data;NMT;Initial data;22.03.2016 00:00
789;42429,00912;789;;IN;18;Initial data;NMT;Initial data;22.03.2016 00:00
790;42429,00913;790;;IN;1;Initial data;NMT;Initial data;22.03.2016 00:00
791;42429,00914;791;;IN;42;Initial data;NMT;Initial data;22.03.2016 00:00
792;42429,00916;792;;IN;69;Initial data;NMT;Initial data;22.03.2016 00:00
793;42429,00917;793;;IN;14;Initial data;NMT;Initial data;22.03.2016 00:00
794;42429,00918;794;;IN;20;Initial data;NMT;Initial data;22.03.2016 00:00
795;42429,00919;795;;IN;27;Initial data;NMT;Initial data;22.03.2016 00:00
796;42429,0092;796;;IN;24;Initial data;NMT;Initial data;22.03.2016 00:00
797;42429,00921;797;;IN;8;Initial data;NMT;Initial data;22.03.2016 00:00
798;42429,00922;798;;IN;15;Initial data;NMT;Initial data;22.03.2016 00:00
799;42429,00924;799;;IN;13;Initial data;NMT;Initial data;22.03.2016 00:00
800;42429,00925;800;;IN;32;Initial data;NMT;Initial data;22.03.2016 00:00
801;42429,00926;801;;IN;29;Initial data;NMT;Initial data;22.03.2016 00:00
802;42429,00927;802;;IN;18;Initial data;NMT;Initial data;22.03.2016 00:00
803;42429,00928;803;;IN;6;Initial data;NMT;Initial data;22.03.2016 00:00
804;42429,00929;804;;IN;4;Initial data;NMT;Initial data;22.03.2016 00:00
805;42429,00931;805;;IN;24;Initial data;NMT;Initial data;22.03.2016 00:00
806;42429,00932;806;;IN;8;Initial data;NMT;Initial data;22.03.2016 00:00
807;42429,00933;807;;IN;3;Initial data;NMT;Initial data;22.03.2016 00:00
808;42429,00934;808;;IN;18;Initial data;NMT;Initial data;22.03.2016 00:00
809;42429,00935;809;;IN;29;Initial data;NMT;Initial data;22.03.2016 00:00
810;42429,00936;810;;IN;0;Initial data;NMT;Initial data;22.03.2016 00:00
811;42429,00938;811;;IN;12;Initial data;NMT;Initial data;22.03.2016 00:00
812;42429,00939;812;;IN;9;Initial data;NMT;Initial data;22.03.2016 00:00
813;42429,0094;813;;IN;26;Initial data;NMT;Initial data;22.03.2016 00:00
814;42429,00941;814;;IN;1;Initial data;NMT;Initial data;22.03.2016 00:00
815;42429,00942;815;;IN;4;Initial data;NMT;Initial data;22.03.2016 00:00
816;42429,00943;816;;IN;2;Initial data;NMT;Initial data;22.03.2016 00:00
817;42429,00944;817;;IN;2;Initial data;NMT;Initial data;22.03.2016 00:00
818;42429,00946;818;;IN;4;Initial data;NMT;Initial data;22.03.2016 00:00
819;42429,00947;819;;IN;7;Initial data;NMT;Initial data;22.03.2016 00:00
820;42429,00948;820;;IN;2;Initial data;NMT;Initial data;22.03.2016 00:00
821;42429,00949;821;;IN;4;Initial data;NMT;Initial data;22.03.2016 00:00
822;42429,0095;822;;IN;5;Initial data;NMT;Initial data;22.03.2016 00:00
823;42429,00951;823;;IN;5;Initial data;NMT;Initial data;22.03.2016 00:00
824;42429,00953;824;;IN;5;Initial data;NMT;Initial data;22.03.2016 00:00
825;42429,00954;825;;IN;1;Initial data;NMT;Initial data;22.03.2016 00:00
826;42429,00955;826;;IN;1;Initial data;NMT;Initial data;22.03.2016 00:00
827;42429,00956;827;;IN;0;Initial data;NMT;Initial data;22.03.2016 00:00
828;42429,00957;828;;IN;0;Initial data;NMT;Initial data;22.03.2016 00:00
829;42429,00958;829;;IN;2;Initial data;NMT;Initial data;22.03.2016 00:00
830;42429,00959;830;;IN;1;Initial data;NMT;Initial data;22.03.2016 00:00
831;42429,00961;831;;IN;2;Initial data;NMT;Initial data;22.03.2016 00:00
832;42429,00962;832;;IN;2;Initial data;NMT;Initial data;22.03.2016 00:00
833;42429,00963;833;;IN;2;Initial data;NMT;Initial data;22.03.2016 00:00
834;42429,00964;834;;IN;2;Initial data;NMT;Initial data;22.03.2016 00:00
835;42429,00965;835;;IN;8;Initial data;NMT;Initial data;22.03.2016 00:00
836;42429,00966;836;;IN;4;Initial data;NMT;Initial data;22.03.2016 00:00
837;42429,00968;837;;IN;13;Initial data;NMT;Initial data;22.03.2016 00:00
838;42429,00969;838;;IN;2;Initial data;NMT;Initial data;22.03.2016 00:00
839;42429,0097;839;;IN;2;Initial data;NMT;Initial data;22.03.2016 00:00
840;42429,00971;840;;IN;1;Initial data;NMT;Initial data;22.03.2016 00:00
841;42429,00972;841;;IN;0;Initial data;NMT;Initial data;22.03.2016 00:00
842;42429,00973;842;;IN;3;Initial data;NMT;Initial data;22.03.2016 00:00
843;42429,00975;843;;IN;3;Initial data;NMT;Initial data;22.03.2016 00:00
844;42429,00976;844;;IN;3;Initial data;NMT;Initial data;22.03.2016 00:00
845;42429,00977;845;;IN;2;Initial data;NMT;Initial data;22.03.2016 00:00
846;42429,00978;846;;IN;2;Initial data;NMT;Initial data;22.03.2016 00:00
847;42429,00979;847;;IN;2;Initial data;NMT;Initial data;22.03.2016 00:00
848;42429,0098;848;;IN;3;Initial data;NMT;Initial data;22.03.2016 00:00
849;42429,00981;849;;IN;4;Initial data;NMT;Initial data;22.03.2016 00:00
850;42429,00983;850;;IN;3;Initial data;NMT;Initial data;22.03.2016 00:00
851;42429,00984;851;;IN;2;Initial data;NMT;Initial data;22.03.2016 00:00
852;42429,00985;852;;IN;2;Initial data;NMT;Initial data;22.03.2016 00:00
853;42429,00986;853;;IN;0;Initial data;NMT;Initial data;22.03.2016 00:00
854;42429,00987;854;;IN;3;Initial data;NMT;Initial data;22.03.2016 00:00
855;42429,00988;855;;IN;0;Initial data;NMT;Initial data;22.03.2016 00:00
856;42429,0099;856;;IN;118;Initial data;NMT;Initial data;22.03.2016 00:00
857;42429,00991;857;;IN;17;Initial data;NMT;Initial data;22.03.2016 00:00
858;42429,00992;858;;IN;0;Initial data;NMT;Initial data;22.03.2016 00:00
859;42429,00993;859;;IN;16;Initial data;NMT;Initial data;22.03.2016 00:00
860;42429,00994;860;;IN;300;Initial data;NMT;Initial data;22.03.2016 00:00
861;42429,00995;861;;IN;182;Initial data;NMT;Initial data;22.03.2016 00:00
862;42429,00997;862;;IN;11;Initial data;NMT;Initial data;22.03.2016 00:00
863;42429,00998;863;;IN;0;Initial data;NMT;Initial data;22.03.2016 00:00
864;42429,00999;864;;IN;3;Initial data;NMT;Initial data;22.03.2016 00:00
865;42429,01;865;;IN;2;Initial data;NMT;Initial data;22.03.2016 00:00
866;42429,01001;866;;IN;1;Initial data;NMT;Initial data;22.03.2016 00:00
867;42429,01002;867;;IN;2;Initial data;NMT;Initial data;22.03.2016 00:00
868;42429,01003;868;;IN;2;Initial data;NMT;Initial data;22.03.2016 00:00
869;42429,01005;869;;IN;2;Initial data;NMT;Initial data;22.03.2016 00:00
870;42429,01006;870;;IN;6;Initial data;NMT;Initial data;22.03.2016 00:00
871;42429,01007;871;;IN;2;Initial data;NMT;Initial data;22.03.2016 00:00
872;42429,01008;872;;IN;2;Initial data;NMT;Initial data;22.03.2016 00:00
873;42429,01009;873;;IN;2;Initial data;NMT;Initial data;22.03.2016 00:00
874;42429,0101;874;;IN;2;Initial data;NMT;Initial data;22.03.2016 00:00
875;42429,01012;875;;IN;0;Initial data;NMT;Initial data;22.03.2016 00:00
876;42429,01013;876;;IN;2;Initial data;NMT;Initial data;22.03.2016 00:00
877;42429,01014;877;;IN;2;Initial data;NMT;Initial data;22.03.2016 00:00
878;42429,01015;878;;IN;2;Initial data;NMT;Initial data;22.03.2016 00:00
879;42429,01016;879;;IN;1;Initial data;NMT;Initial data;22.03.2016 00:00
880;42429,01017;880;;IN;1;Initial data;NMT;Initial data;22.03.2016 00:00
881;42429,01019;881;;IN;4;Initial data;NMT;Initial data;22.03.2016 00:00
882;42429,0102;882;;IN;5;Initial data;NMT;Initial data;22.03.2016 00:00
883;42429,01021;883;;IN;12;Initial data;NMT;Initial data;22.03.2016 00:00
884;42429,01022;884;;IN;2;Initial data;NMT;Initial data;22.03.2016 00:00
885;42429,01023;885;;IN;7;Initial data;NMT;Initial data;22.03.2016 00:00
886;42429,01024;886;;IN;7;Initial data;NMT;Initial data;22.03.2016 00:00
887;42429,01025;887;;IN;0;Initial data;NMT;Initial data;22.03.2016 00:00
888;42429,01027;888;;IN;4;Initial data;NMT;Initial data;22.03.2016 00:00
889;42429,01028;889;;IN;10;Initial data;NMT;Initial data;22.03.2016 00:00
890;42429,01029;890;;IN;11;Initial data;NMT;Initial data;22.03.2016 00:00
891;42429,0103;891;;IN;6;Initial data;NMT;Initial data;22.03.2016 00:00
892;42429,01031;892;;IN;0;Initial data;NMT;Initial data;22.03.2016 00:00
893;42429,01032;893;;IN;0;Initial data;NMT;Initial data;22.03.2016 00:00
894;42429,01034;894;;IN;37;Initial data;NMT;Initial data;22.03.2016 00:00
895;42429,01035;895;;IN;4;Initial data;NMT;Initial data;22.03.2016 00:00
896;42429,01036;896;;IN;12;Initial data;NMT;Initial data;22.03.2016 00:00
897;42429,01037;897;;IN;0;Initial data;NMT;Initial data;22.03.2016 00:00
898;42429,01038;898;;IN;4;Initial data;NMT;Initial data;22.03.2016 00:00
899;42429,01039;899;;IN;1;Initial data;NMT;Initial data;22.03.2016 00:00
900;42429,01041;900;;IN;2;Initial data;NMT;Initial data;22.03.2016 00:00
901;42429,01042;901;;IN;4;Initial data;NMT;Initial data;22.03.2016 00:00
902;42429,01043;902;;IN;4;Initial data;NMT;Initial data;22.03.2016 00:00
903;42429,01044;903;;IN;1;Initial data;NMT;Initial data;22.03.2016 00:00
904;42429,01045;904;;IN;4;Initial data;NMT;Initial data;22.03.2016 00:00
905;42429,01046;905;;IN;4;Initial data;NMT;Initial data;22.03.2016 00:00
906;42429,01047;906;;IN;10;Initial data;NMT;Initial data;22.03.2016 00:00
907;42429,01049;907;;IN;5;Initial data;NMT;Initial data;22.03.2016 00:00
908;42429,0105;908;;IN;2;Initial data;NMT;Initial data;22.03.2016 00:00
909;42429,01051;909;;IN;3;Initial data;NMT;Initial data;22.03.2016 00:00
910;42429,01052;910;;IN;0;Initial data;NMT;Initial data;22.03.2016 00:00
911;42429,01053;911;;IN;1;Initial data;NMT;Initial data;22.03.2016 00:00
912;42429,01054;912;;IN;2;Initial data;NMT;Initial data;22.03.2016 00:00
913;42429,01056;913;;IN;2;Initial data;NMT;Initial data;22.03.2016 00:00
914;42429,01057;914;;IN;0;Initial data;NMT;Initial data;22.03.2016 00:00
915;42429,01058;915;;IN;0;Initial data;NMT;Initial data;22.03.2016 00:00
916;42429,01059;916;;IN;30;Initial data;NMT;Initial data;22.03.2016 00:00
917;42429,0106;917;;IN;2;Initial data;NMT;Initial data;22.03.2016 00:00
